{
  "timestamp" : "2025-10-16 00:29:15",
  "javaVersion" : "17.0.16",
  "jvmArgs" : "-Xms256m -Xmx256m -XX:+UseG1GC -XX:+AlwaysPreTouch",
  "gitBranch" : "v3.x",
  "version" : "3.0.0",
  "operatingSystem" : "Linux 6.11.0-1018-azure",
  "architecture" : "amd64",
  "cpuCount" : 4,
  "totalMemory" : 16772579328,
  "freeMemory" : 13964914688,
  "port" : 8899,
  "clientCount" : 10,
  "eachMsgCount" : 50000,
  "eachMsgSize" : 32,
  "messagesSent" : 500000,
  "messagesReceived" : 500000,
  "bytesSent" : 16000000,
  "bytesReceived" : 23000000,
  "errors" : 0,
  "minLatency" : 8,
  "maxLatency" : 2223,
  "avgLatency" : 1554.7716641288955,
  "p50Latency" : 1719,
  "p90Latency" : 2127,
  "p99Latency" : 2191,
  "testDuration" : 2571,
  "messagesPerSecond" : 194476.8572539868,
  "bytesPerSecond" : 6223259.432127577,
  "errorRate" : 0.0,
  "messageLossRate" : 0.0,
  "heapUsed" : 153912504,
  "heapMax" : 268435456,
  "heapCommitted" : 268435456
}