{
  "timestamp" : "2025-10-16 00:45:19",
  "javaVersion" : "21.0.8",
  "jvmArgs" : "-Xms256m -Xmx256m -XX:+UseG1GC -XX:+AlwaysPreTouch",
  "gitBranch" : "v3.x",
  "version" : "3.0.0",
  "operatingSystem" : "Linux 6.11.0-1018-azure",
  "architecture" : "amd64",
  "cpuCount" : 4,
  "totalMemory" : 16772579328,
  "freeMemory" : 13989507072,
  "port" : 8899,
  "clientCount" : 10,
  "eachMsgCount" : 50000,
  "eachMsgSize" : 32,
  "messagesSent" : 500000,
  "messagesReceived" : 500000,
  "bytesSent" : 16000000,
  "bytesReceived" : 23000000,
  "errors" : 0,
  "minLatency" : 13,
  "maxLatency" : 2095,
  "avgLatency" : 1359.109649801014,
  "p50Latency" : 1519,
  "p90Latency" : 1831,
  "p99Latency" : 2007,
  "testDuration" : 2424,
  "messagesPerSecond" : 206270.62706270628,
  "bytesPerSecond" : 6600660.066006601,
  "errorRate" : 0.0,
  "messageLossRate" : 0.0,
  "heapUsed" : 122560608,
  "heapMax" : 268435456,
  "heapCommitted" : 268435456
}