{
  "timestamp" : "2026-04-24 11:12:46",
  "javaVersion" : "17.0.18",
  "jvmArgs" : "-Xms256m -Xmx256m -XX:+UseG1GC -XX:+AlwaysPreTouch -Dnetty.socketio.version=4.0.0-alpha",
  "version" : "4.0.0-alpha",
  "operatingSystem" : "Linux 6.17.0-1010-azure",
  "architecture" : "amd64",
  "cpuCount" : 4,
  "totalMemory" : 16766423040,
  "freeMemory" : 12833763328,
  "port" : 8899,
  "clientCount" : 10,
  "eachMsgCount" : 10000,
  "eachMsgSize" : 32,
  "messagesSent" : 100000,
  "messagesReceived" : 100000,
  "bytesSent" : 3200000,
  "bytesReceived" : 4600000,
  "errors" : 0,
  "minLatency" : 14,
  "maxLatency" : 671,
  "avgLatency" : 418.73824572849975,
  "p50Latency" : 459,
  "p90Latency" : 599,
  "p99Latency" : 651,
  "testDuration" : 818,
  "messagesPerSecond" : 122249.38875305624,
  "bytesPerSecond" : 3911980.4400977995,
  "errorRate" : 0.0,
  "messageLossRate" : 0.0,
  "heapUsed" : 148272640,
  "heapMax" : 268435456,
  "heapCommitted" : 268435456
}