{
  "timestamp" : "2025-11-11 07:31:13",
  "javaVersion" : "17.0.17",
  "jvmArgs" : "-Xms256m -Xmx256m -XX:+UseG1GC -XX:+AlwaysPreTouch",
  "gitBranch" : "v3.x",
  "version" : "3.0.1",
  "operatingSystem" : "Linux 6.11.0-1018-azure",
  "architecture" : "amd64",
  "cpuCount" : 4,
  "totalMemory" : 16772579328,
  "freeMemory" : 13990076416,
  "port" : 8899,
  "clientCount" : 10,
  "eachMsgCount" : 50000,
  "eachMsgSize" : 32,
  "messagesSent" : 500000,
  "messagesReceived" : 500000,
  "bytesSent" : 16000000,
  "bytesReceived" : 23000000,
  "errors" : 0,
  "minLatency" : 6,
  "maxLatency" : 2255,
  "avgLatency" : 1481.273613642808,
  "p50Latency" : 1679,
  "p90Latency" : 1983,
  "p99Latency" : 2159,
  "testDuration" : 2468,
  "messagesPerSecond" : 202593.1928687196,
  "bytesPerSecond" : 6482982.171799027,
  "errorRate" : 0.0,
  "messageLossRate" : 0.0,
  "heapUsed" : 176048392,
  "heapMax" : 268435456,
  "heapCommitted" : 268435456
}