{
  "timestamp" : "2026-04-24 11:18:17",
  "javaVersion" : "11.0.30",
  "jvmArgs" : "-Xms256m -Xmx256m -XX:+UseG1GC -XX:+AlwaysPreTouch -Dnetty.socketio.version=4.0.0-alpha",
  "version" : "4.0.0-alpha",
  "operatingSystem" : "Linux 6.17.0-1010-azure",
  "architecture" : "amd64",
  "cpuCount" : 4,
  "totalMemory" : 16766431232,
  "freeMemory" : 12836745216,
  "port" : 8899,
  "clientCount" : 10,
  "eachMsgCount" : 50000,
  "eachMsgSize" : 32,
  "messagesSent" : 500000,
  "messagesReceived" : 500000,
  "bytesSent" : 16000000,
  "bytesReceived" : 23000000,
  "errors" : 0,
  "minLatency" : 5,
  "maxLatency" : 2159,
  "avgLatency" : 1448.6607777016372,
  "p50Latency" : 1607,
  "p90Latency" : 2007,
  "p99Latency" : 2047,
  "testDuration" : 2544,
  "messagesPerSecond" : 196540.88050314467,
  "bytesPerSecond" : 6289308.176100629,
  "errorRate" : 0.0,
  "messageLossRate" : 0.0,
  "heapUsed" : 64851120,
  "heapMax" : 268435456,
  "heapCommitted" : 268435456
}