{
  "timestamp" : "2026-04-24 11:23:14",
  "javaVersion" : "21.0.10",
  "jvmArgs" : "-Xms256m -Xmx256m -XX:+UseG1GC -XX:+AlwaysPreTouch -Dnetty.socketio.version=4.0.0-alpha",
  "version" : "4.0.0-alpha",
  "operatingSystem" : "Linux 6.17.0-1010-azure",
  "architecture" : "amd64",
  "cpuCount" : 4,
  "totalMemory" : 16770764800,
  "freeMemory" : 12734038016,
  "port" : 8899,
  "clientCount" : 10,
  "eachMsgCount" : 50000,
  "eachMsgSize" : 32,
  "messagesSent" : 500000,
  "messagesReceived" : 500000,
  "bytesSent" : 16000000,
  "bytesReceived" : 23000000,
  "errors" : 0,
  "minLatency" : 7,
  "maxLatency" : 2023,
  "avgLatency" : 1409.3493968000164,
  "p50Latency" : 1543,
  "p90Latency" : 1847,
  "p99Latency" : 1911,
  "testDuration" : 2489,
  "messagesPerSecond" : 200883.88911209322,
  "bytesPerSecond" : 6428284.451586983,
  "errorRate" : 0.0,
  "messageLossRate" : 0.0,
  "heapUsed" : 182119368,
  "heapMax" : 268435456,
  "heapCommitted" : 268435456
}