{
  "timestamp" : "2026-04-24 11:14:58",
  "javaVersion" : "21.0.10",
  "jvmArgs" : "-Xms256m -Xmx256m -XX:+UseG1GC -XX:+AlwaysPreTouch -Dnetty.socketio.version=4.0.0-alpha",
  "version" : "4.0.0-alpha",
  "operatingSystem" : "Linux 6.17.0-1010-azure",
  "architecture" : "amd64",
  "cpuCount" : 4,
  "totalMemory" : 16766431232,
  "freeMemory" : 12820860928,
  "port" : 8899,
  "clientCount" : 10,
  "eachMsgCount" : 10000,
  "eachMsgSize" : 32,
  "messagesSent" : 100000,
  "messagesReceived" : 100000,
  "bytesSent" : 3200000,
  "bytesReceived" : 4600000,
  "errors" : 0,
  "minLatency" : 11,
  "maxLatency" : 775,
  "avgLatency" : 526.3569165464996,
  "p50Latency" : 575,
  "p90Latency" : 739,
  "p99Latency" : 763,
  "testDuration" : 899,
  "messagesPerSecond" : 111234.70522803115,
  "bytesPerSecond" : 3559510.5672969967,
  "errorRate" : 0.0,
  "messageLossRate" : 0.0,
  "heapUsed" : 192574600,
  "heapMax" : 268435456,
  "heapCommitted" : 268435456
}