{
  "timestamp" : "2025-11-11 07:25:31",
  "javaVersion" : "11.0.29",
  "jvmArgs" : "-Xms256m -Xmx256m -XX:+UseG1GC -XX:+AlwaysPreTouch",
  "gitBranch" : "v3.x",
  "version" : "3.0.1",
  "operatingSystem" : "Linux 6.11.0-1018-azure",
  "architecture" : "amd64",
  "cpuCount" : 4,
  "totalMemory" : 16772579328,
  "freeMemory" : 13965746176,
  "port" : 8899,
  "clientCount" : 10,
  "eachMsgCount" : 50000,
  "eachMsgSize" : 32,
  "messagesSent" : 500000,
  "messagesReceived" : 500000,
  "bytesSent" : 16000000,
  "bytesReceived" : 23000000,
  "errors" : 0,
  "minLatency" : 7,
  "maxLatency" : 2335,
  "avgLatency" : 1618.490904726119,
  "p50Latency" : 1791,
  "p90Latency" : 2175,
  "p99Latency" : 2239,
  "testDuration" : 2762,
  "messagesPerSecond" : 181028.24040550325,
  "bytesPerSecond" : 5792903.692976104,
  "errorRate" : 0.0,
  "messageLossRate" : 0.0,
  "heapUsed" : 210046688,
  "heapMax" : 268435456,
  "heapCommitted" : 268435456
}