{
  "timestamp" : "2025-10-16 00:48:47",
  "javaVersion" : "25",
  "jvmArgs" : "-Xms256m -Xmx256m -XX:+UseG1GC -XX:+AlwaysPreTouch",
  "gitBranch" : "v3.x",
  "version" : "3.0.0",
  "operatingSystem" : "Linux 6.11.0-1018-azure",
  "architecture" : "amd64",
  "cpuCount" : 4,
  "totalMemory" : 16772579328,
  "freeMemory" : 13976522752,
  "port" : 8899,
  "clientCount" : 10,
  "eachMsgCount" : 50000,
  "eachMsgSize" : 32,
  "messagesSent" : 500000,
  "messagesReceived" : 500000,
  "bytesSent" : 16000000,
  "bytesReceived" : 23000000,
  "errors" : 0,
  "minLatency" : 4,
  "maxLatency" : 1799,
  "avgLatency" : 1142.6966616010789,
  "p50Latency" : 1295,
  "p90Latency" : 1631,
  "p99Latency" : 1743,
  "testDuration" : 2226,
  "messagesPerSecond" : 224618.14914645103,
  "bytesPerSecond" : 7187780.772686433,
  "errorRate" : 0.0,
  "messageLossRate" : 0.0,
  "heapUsed" : 243050776,
  "heapMax" : 268435456,
  "heapCommitted" : 268435456
}