{
  "timestamp" : "2025-10-16 00:27:04",
  "javaVersion" : "11.0.28",
  "jvmArgs" : "-Xms256m -Xmx256m -XX:+UseG1GC -XX:+AlwaysPreTouch",
  "gitBranch" : "v3.x",
  "version" : "3.0.0",
  "operatingSystem" : "Linux 6.11.0-1018-azure",
  "architecture" : "amd64",
  "cpuCount" : 4,
  "totalMemory" : 16772575232,
  "freeMemory" : 13971951616,
  "port" : 8899,
  "clientCount" : 10,
  "eachMsgCount" : 50000,
  "eachMsgSize" : 32,
  "messagesSent" : 500000,
  "messagesReceived" : 500000,
  "bytesSent" : 16000000,
  "bytesReceived" : 23000000,
  "errors" : 0,
  "minLatency" : 13,
  "maxLatency" : 2287,
  "avgLatency" : 1566.6083293432084,
  "p50Latency" : 1695,
  "p90Latency" : 2111,
  "p99Latency" : 2255,
  "testDuration" : 2680,
  "messagesPerSecond" : 186567.16417910447,
  "bytesPerSecond" : 5970149.253731343,
  "errorRate" : 0.0,
  "messageLossRate" : 0.0,
  "heapUsed" : 95313016,
  "heapMax" : 268435456,
  "heapCommitted" : 268435456
}