{
  "timestamp" : "2025-11-11 07:46:28",
  "javaVersion" : "25.0.1",
  "jvmArgs" : "-Xms256m -Xmx256m -XX:+UseG1GC -XX:+AlwaysPreTouch",
  "gitBranch" : "v3.x",
  "version" : "3.0.1",
  "operatingSystem" : "Linux 6.11.0-1018-azure",
  "architecture" : "amd64",
  "cpuCount" : 4,
  "totalMemory" : 16772579328,
  "freeMemory" : 13959671808,
  "port" : 8899,
  "clientCount" : 10,
  "eachMsgCount" : 50000,
  "eachMsgSize" : 32,
  "messagesSent" : 500000,
  "messagesReceived" : 500000,
  "bytesSent" : 16000000,
  "bytesReceived" : 23000000,
  "errors" : 0,
  "minLatency" : 13,
  "maxLatency" : 2047,
  "avgLatency" : 1308.033527794952,
  "p50Latency" : 1431,
  "p90Latency" : 1751,
  "p99Latency" : 1911,
  "testDuration" : 2270,
  "messagesPerSecond" : 220264.31718061675,
  "bytesPerSecond" : 7048458.149779736,
  "errorRate" : 0.0,
  "messageLossRate" : 0.0,
  "heapUsed" : 175881320,
  "heapMax" : 268435456,
  "heapCommitted" : 268435456
}