{
  "timestamp" : "2026-01-05 09:26:36",
  "javaVersion" : "25.0.1",
  "jvmArgs" : "-Xms256m -Xmx256m -XX:+UseG1GC -XX:+AlwaysPreTouch -Dnetty.socketio.version=4.0.0-SNAPSHOT",
  "version" : "4.0.0-SNAPSHOT",
  "operatingSystem" : "Mac OS X 26.2",
  "architecture" : "aarch64",
  "cpuCount" : 16,
  "totalMemory" : 137438953472,
  "freeMemory" : 424460288,
  "port" : 8899,
  "clientCount" : 10,
  "eachMsgCount" : 10000,
  "eachMsgSize" : 32,
  "messagesSent" : 100000,
  "messagesReceived" : 100000,
  "bytesSent" : 3200000,
  "bytesReceived" : 4600000,
  "errors" : 0,
  "minLatency" : 0,
  "maxLatency" : 131,
  "avgLatency" : 35.104087911204054,
  "p50Latency" : 25,
  "p90Latency" : 73,
  "p99Latency" : 126,
  "testDuration" : 309,
  "messagesPerSecond" : 323624.59546925564,
  "bytesPerSecond" : 1.035598705501618E7,
  "errorRate" : 0.0,
  "messageLossRate" : 0.0,
  "heapUsed" : 83118384,
  "heapMax" : 268435456,
  "heapCommitted" : 268435456
}