{
  "timestamp" : "2026-04-24 11:28:35",
  "javaVersion" : "25.0.2",
  "jvmArgs" : "-Xms256m -Xmx256m -XX:+UseG1GC -XX:+AlwaysPreTouch -Dnetty.socketio.version=4.0.0-alpha",
  "version" : "4.0.0-alpha",
  "operatingSystem" : "Linux 6.17.0-1010-azure",
  "architecture" : "amd64",
  "cpuCount" : 4,
  "totalMemory" : 16766431232,
  "freeMemory" : 12785741824,
  "port" : 8899,
  "clientCount" : 10,
  "eachMsgCount" : 50000,
  "eachMsgSize" : 32,
  "messagesSent" : 500000,
  "messagesReceived" : 500000,
  "bytesSent" : 16000000,
  "bytesReceived" : 23000000,
  "errors" : 0,
  "minLatency" : 5,
  "maxLatency" : 2063,
  "avgLatency" : 1443.4768320855355,
  "p50Latency" : 1647,
  "p90Latency" : 1967,
  "p99Latency" : 2039,
  "testDuration" : 2529,
  "messagesPerSecond" : 197706.60340055358,
  "bytesPerSecond" : 6326611.308817714,
  "errorRate" : 0.0,
  "messageLossRate" : 0.0,
  "heapUsed" : 104538904,
  "heapMax" : 268435456,
  "heapCommitted" : 268435456
}