{
  "timestamp" : "2026-04-24 11:11:13",
  "javaVersion" : "11.0.30",
  "jvmArgs" : "-Xms256m -Xmx256m -XX:+UseG1GC -XX:+AlwaysPreTouch -Dnetty.socketio.version=4.0.0-alpha",
  "version" : "4.0.0-alpha",
  "operatingSystem" : "Linux 6.17.0-1010-azure",
  "architecture" : "amd64",
  "cpuCount" : 4,
  "totalMemory" : 16769724416,
  "freeMemory" : 12770410496,
  "port" : 8899,
  "clientCount" : 10,
  "eachMsgCount" : 10000,
  "eachMsgSize" : 32,
  "messagesSent" : 100000,
  "messagesReceived" : 100000,
  "bytesSent" : 3200000,
  "bytesReceived" : 4600000,
  "errors" : 0,
  "minLatency" : 3,
  "maxLatency" : 579,
  "avgLatency" : 380.3977099081111,
  "p50Latency" : 397,
  "p90Latency" : 515,
  "p99Latency" : 559,
  "testDuration" : 652,
  "messagesPerSecond" : 153374.23312883437,
  "bytesPerSecond" : 4907975.4601227,
  "errorRate" : 0.0,
  "messageLossRate" : 0.0,
  "heapUsed" : 171238912,
  "heapMax" : 268435456,
  "heapCommitted" : 268435456
}