{
  "timestamp" : "2026-04-24 11:19:53",
  "javaVersion" : "17.0.18",
  "jvmArgs" : "-Xms256m -Xmx256m -XX:+UseG1GC -XX:+AlwaysPreTouch -Dnetty.socketio.version=4.0.0-alpha",
  "version" : "4.0.0-alpha",
  "operatingSystem" : "Linux 6.17.0-1010-azure",
  "architecture" : "amd64",
  "cpuCount" : 4,
  "totalMemory" : 16766431232,
  "freeMemory" : 12804153344,
  "port" : 8899,
  "clientCount" : 10,
  "eachMsgCount" : 50000,
  "eachMsgSize" : 32,
  "messagesSent" : 500000,
  "messagesReceived" : 500000,
  "bytesSent" : 16000000,
  "bytesReceived" : 23000000,
  "errors" : 0,
  "minLatency" : 5,
  "maxLatency" : 2191,
  "avgLatency" : 1394.4153717900583,
  "p50Latency" : 1487,
  "p90Latency" : 1927,
  "p99Latency" : 2175,
  "testDuration" : 2417,
  "messagesPerSecond" : 206868.0182043856,
  "bytesPerSecond" : 6619776.582540339,
  "errorRate" : 0.0,
  "messageLossRate" : 0.0,
  "heapUsed" : 158827384,
  "heapMax" : 268435456,
  "heapCommitted" : 268435456
}