{
  "timestamp" : "2025-11-11 07:41:07",
  "javaVersion" : "21.0.9",
  "jvmArgs" : "-Xms256m -Xmx256m -XX:+UseG1GC -XX:+AlwaysPreTouch",
  "gitBranch" : "v3.x",
  "version" : "3.0.1",
  "operatingSystem" : "Linux 6.11.0-1018-azure",
  "architecture" : "amd64",
  "cpuCount" : 4,
  "totalMemory" : 16772579328,
  "freeMemory" : 13990060032,
  "port" : 8899,
  "clientCount" : 10,
  "eachMsgCount" : 50000,
  "eachMsgSize" : 32,
  "messagesSent" : 500000,
  "messagesReceived" : 500000,
  "bytesSent" : 16000000,
  "bytesReceived" : 23000000,
  "errors" : 0,
  "minLatency" : 3,
  "maxLatency" : 2095,
  "avgLatency" : 1399.1819450123385,
  "p50Latency" : 1519,
  "p90Latency" : 1871,
  "p99Latency" : 1975,
  "testDuration" : 2514,
  "messagesPerSecond" : 198886.23707239458,
  "bytesPerSecond" : 6364359.5863166265,
  "errorRate" : 0.0,
  "messageLossRate" : 0.0,
  "heapUsed" : 167156952,
  "heapMax" : 268435456,
  "heapCommitted" : 268435456
}